id,node_id,name,full_name,private,html_url,description,fork,url,forks_url,keys_url,collaborators_url,teams_url,hooks_url,issue_events_url,events_url,assignees_url,branches_url,tags_url,blobs_url,git_tags_url,git_refs_url,trees_url,statuses_url,languages_url,stargazers_url,contributors_url,subscribers_url,subscription_url,commits_url,git_commits_url,comments_url,issue_comment_url,contents_url,compare_url,merges_url,archive_url,downloads_url,issues_url,pulls_url,milestones_url,notifications_url,labels_url,releases_url,deployments_url,created_at,updated_at,pushed_at,git_url,ssh_url,clone_url,svn_url,homepage,size,stargazers_count,watchers_count,language,has_issues,has_projects,has_downloads,has_wiki,has_pages,forks_count,mirror_url,archived,disabled,open_issues_count,forks,open_issues,watchers,default_branch,owner.login,owner.id,owner.node_id,owner.avatar_url,owner.gravatar_id,owner.url,owner.html_url,owner.followers_url,owner.following_url,owner.gists_url,owner.starred_url,owner.subscriptions_url,owner.organizations_url,owner.repos_url,owner.events_url,owner.received_events_url,owner.type,owner.site_admin,license.key,license.name,license.spdx_id,license.url,license.node_id
218619240,MDEwOlJlcG9zaXRvcnkyMTg2MTkyNDA=,datamex1019,diegorv1994/datamex1019,False,https://github.com/diegorv1994/datamex1019,,True,https://api.github.com/repos/diegorv1994/datamex1019,https://api.github.com/repos/diegorv1994/datamex1019/forks,https://api.github.com/repos/diegorv1994/datamex1019/keys{/key_id},https://api.github.com/repos/diegorv1994/datamex1019/collaborators{/collaborator},https://api.github.com/repos/diegorv1994/datamex1019/teams,https://api.github.com/repos/diegorv1994/datamex1019/hooks,https://api.github.com/repos/diegorv1994/datamex1019/issues/events{/number},https://api.github.com/repos/diegorv1994/datamex1019/events,https://api.github.com/repos/diegorv1994/datamex1019/assignees{/user},https://api.github.com/repos/diegorv1994/datamex1019/branches{/branch},https://api.github.com/repos/diegorv1994/datamex1019/tags,https://api.github.com/repos/diegorv1994/datamex1019/git/blobs{/sha},https://api.github.com/repos/diegorv1994/datamex1019/git/tags{/sha},https://api.github.com/repos/diegorv1994/datamex1019/git/refs{/sha},https://api.github.com/repos/diegorv1994/datamex1019/git/trees{/sha},https://api.github.com/repos/diegorv1994/datamex1019/statuses/{sha},https://api.github.com/repos/diegorv1994/datamex1019/languages,https://api.github.com/repos/diegorv1994/datamex1019/stargazers,https://api.github.com/repos/diegorv1994/datamex1019/contributors,https://api.github.com/repos/diegorv1994/datamex1019/subscribers,https://api.github.com/repos/diegorv1994/datamex1019/subscription,https://api.github.com/repos/diegorv1994/datamex1019/commits{/sha},https://api.github.com/repos/diegorv1994/datamex1019/git/commits{/sha},https://api.github.com/repos/diegorv1994/datamex1019/comments{/number},https://api.github.com/repos/diegorv1994/datamex1019/issues/comments{/number},https://api.github.com/repos/diegorv1994/datamex1019/contents/{+path},https://api.github.com/repos/diegorv1994/datamex1019/compare/{base}...{head},https://api.github.com/repos/diegorv1994/datamex1019/merges,https://api.github.com/repos/diegorv1994/datamex1019/{archive_format}{/ref},https://api.github.com/repos/diegorv1994/datamex1019/downloads,https://api.github.com/repos/diegorv1994/datamex1019/issues{/number},https://api.github.com/repos/diegorv1994/datamex1019/pulls{/number},https://api.github.com/repos/diegorv1994/datamex1019/milestones{/number},"https://api.github.com/repos/diegorv1994/datamex1019/notifications{?since,all,participating}",https://api.github.com/repos/diegorv1994/datamex1019/labels{/name},https://api.github.com/repos/diegorv1994/datamex1019/releases{/id},https://api.github.com/repos/diegorv1994/datamex1019/deployments,2019-10-30T20:30:00Z,2019-10-30T20:30:01Z,2019-11-04T23:18:09Z,git://github.com/diegorv1994/datamex1019.git,git@github.com:diegorv1994/datamex1019.git,https://github.com/diegorv1994/datamex1019.git,https://github.com/diegorv1994/datamex1019,,247198,0,0,,False,True,True,True,False,0,,False,False,0,0,0,0,master,diegorv1994,56409940,MDQ6VXNlcjU2NDA5OTQw,https://avatars3.githubusercontent.com/u/56409940?v=4,,https://api.github.com/users/diegorv1994,https://github.com/diegorv1994,https://api.github.com/users/diegorv1994/followers,https://api.github.com/users/diegorv1994/following{/other_user},https://api.github.com/users/diegorv1994/gists{/gist_id},https://api.github.com/users/diegorv1994/starred{/owner}{/repo},https://api.github.com/users/diegorv1994/subscriptions,https://api.github.com/users/diegorv1994/orgs,https://api.github.com/users/diegorv1994/repos,https://api.github.com/users/diegorv1994/events{/privacy},https://api.github.com/users/diegorv1994/received_events,User,False,agpl-3.0,GNU Affero General Public License v3.0,AGPL-3.0,https://api.github.com/licenses/agpl-3.0,MDc6TGljZW5zZTE=
217363066,MDEwOlJlcG9zaXRvcnkyMTczNjMwNjY=,datamex1019,Sviliesid13/datamex1019,False,https://github.com/Sviliesid13/datamex1019,,True,https://api.github.com/repos/Sviliesid13/datamex1019,https://api.github.com/repos/Sviliesid13/datamex1019/forks,https://api.github.com/repos/Sviliesid13/datamex1019/keys{/key_id},https://api.github.com/repos/Sviliesid13/datamex1019/collaborators{/collaborator},https://api.github.com/repos/Sviliesid13/datamex1019/teams,https://api.github.com/repos/Sviliesid13/datamex1019/hooks,https://api.github.com/repos/Sviliesid13/datamex1019/issues/events{/number},https://api.github.com/repos/Sviliesid13/datamex1019/events,https://api.github.com/repos/Sviliesid13/datamex1019/assignees{/user},https://api.github.com/repos/Sviliesid13/datamex1019/branches{/branch},https://api.github.com/repos/Sviliesid13/datamex1019/tags,https://api.github.com/repos/Sviliesid13/datamex1019/git/blobs{/sha},https://api.github.com/repos/Sviliesid13/datamex1019/git/tags{/sha},https://api.github.com/repos/Sviliesid13/datamex1019/git/refs{/sha},https://api.github.com/repos/Sviliesid13/datamex1019/git/trees{/sha},https://api.github.com/repos/Sviliesid13/datamex1019/statuses/{sha},https://api.github.com/repos/Sviliesid13/datamex1019/languages,https://api.github.com/repos/Sviliesid13/datamex1019/stargazers,https://api.github.com/repos/Sviliesid13/datamex1019/contributors,https://api.github.com/repos/Sviliesid13/datamex1019/subscribers,https://api.github.com/repos/Sviliesid13/datamex1019/subscription,https://api.github.com/repos/Sviliesid13/datamex1019/commits{/sha},https://api.github.com/repos/Sviliesid13/datamex1019/git/commits{/sha},https://api.github.com/repos/Sviliesid13/datamex1019/comments{/number},https://api.github.com/repos/Sviliesid13/datamex1019/issues/comments{/number},https://api.github.com/repos/Sviliesid13/datamex1019/contents/{+path},https://api.github.com/repos/Sviliesid13/datamex1019/compare/{base}...{head},https://api.github.com/repos/Sviliesid13/datamex1019/merges,https://api.github.com/repos/Sviliesid13/datamex1019/{archive_format}{/ref},https://api.github.com/repos/Sviliesid13/datamex1019/downloads,https://api.github.com/repos/Sviliesid13/datamex1019/issues{/number},https://api.github.com/repos/Sviliesid13/datamex1019/pulls{/number},https://api.github.com/repos/Sviliesid13/datamex1019/milestones{/number},"https://api.github.com/repos/Sviliesid13/datamex1019/notifications{?since,all,participating}",https://api.github.com/repos/Sviliesid13/datamex1019/labels{/name},https://api.github.com/repos/Sviliesid13/datamex1019/releases{/id},https://api.github.com/repos/Sviliesid13/datamex1019/deployments,2019-10-24T18:06:33Z,2019-10-30T13:54:08Z,2019-11-04T21:34:10Z,git://github.com/Sviliesid13/datamex1019.git,git@github.com:Sviliesid13/datamex1019.git,https://github.com/Sviliesid13/datamex1019.git,https://github.com/Sviliesid13/datamex1019,,249047,0,0,Jupyter Notebook,False,True,True,True,False,0,,False,False,0,0,0,0,master,Sviliesid13,55924230,MDQ6VXNlcjU1OTI0MjMw,https://avatars3.githubusercontent.com/u/55924230?v=4,,https://api.github.com/users/Sviliesid13,https://github.com/Sviliesid13,https://api.github.com/users/Sviliesid13/followers,https://api.github.com/users/Sviliesid13/following{/other_user},https://api.github.com/users/Sviliesid13/gists{/gist_id},https://api.github.com/users/Sviliesid13/starred{/owner}{/repo},https://api.github.com/users/Sviliesid13/subscriptions,https://api.github.com/users/Sviliesid13/orgs,https://api.github.com/users/Sviliesid13/repos,https://api.github.com/users/Sviliesid13/events{/privacy},https://api.github.com/users/Sviliesid13/received_events,User,False,agpl-3.0,GNU Affero General Public License v3.0,AGPL-3.0,https://api.github.com/licenses/agpl-3.0,MDc6TGljZW5zZTE=
216659447,MDEwOlJlcG9zaXRvcnkyMTY2NTk0NDc=,datamex1019,diegodg78/datamex1019,False,https://github.com/diegodg78/datamex1019,,True,https://api.github.com/repos/diegodg78/datamex1019,https://api.github.com/repos/diegodg78/datamex1019/forks,https://api.github.com/repos/diegodg78/datamex1019/keys{/key_id},https://api.github.com/repos/diegodg78/datamex1019/collaborators{/collaborator},https://api.github.com/repos/diegodg78/datamex1019/teams,https://api.github.com/repos/diegodg78/datamex1019/hooks,https://api.github.com/repos/diegodg78/datamex1019/issues/events{/number},https://api.github.com/repos/diegodg78/datamex1019/events,https://api.github.com/repos/diegodg78/datamex1019/assignees{/user},https://api.github.com/repos/diegodg78/datamex1019/branches{/branch},https://api.github.com/repos/diegodg78/datamex1019/tags,https://api.github.com/repos/diegodg78/datamex1019/git/blobs{/sha},https://api.github.com/repos/diegodg78/datamex1019/git/tags{/sha},https://api.github.com/repos/diegodg78/datamex1019/git/refs{/sha},https://api.github.com/repos/diegodg78/datamex1019/git/trees{/sha},https://api.github.com/repos/diegodg78/datamex1019/statuses/{sha},https://api.github.com/repos/diegodg78/datamex1019/languages,https://api.github.com/repos/diegodg78/datamex1019/stargazers,https://api.github.com/repos/diegodg78/datamex1019/contributors,https://api.github.com/repos/diegodg78/datamex1019/subscribers,https://api.github.com/repos/diegodg78/datamex1019/subscription,https://api.github.com/repos/diegodg78/datamex1019/commits{/sha},https://api.github.com/repos/diegodg78/datamex1019/git/commits{/sha},https://api.github.com/repos/diegodg78/datamex1019/comments{/number},https://api.github.com/repos/diegodg78/datamex1019/issues/comments{/number},https://api.github.com/repos/diegodg78/datamex1019/contents/{+path},https://api.github.com/repos/diegodg78/datamex1019/compare/{base}...{head},https://api.github.com/repos/diegodg78/datamex1019/merges,https://api.github.com/repos/diegodg78/datamex1019/{archive_format}{/ref},https://api.github.com/repos/diegodg78/datamex1019/downloads,https://api.github.com/repos/diegodg78/datamex1019/issues{/number},https://api.github.com/repos/diegodg78/datamex1019/pulls{/number},https://api.github.com/repos/diegodg78/datamex1019/milestones{/number},"https://api.github.com/repos/diegodg78/datamex1019/notifications{?since,all,participating}",https://api.github.com/repos/diegodg78/datamex1019/labels{/name},https://api.github.com/repos/diegodg78/datamex1019/releases{/id},https://api.github.com/repos/diegodg78/datamex1019/deployments,2019-10-21T20:28:52Z,2019-10-29T00:15:12Z,2019-11-01T14:36:09Z,git://github.com/diegodg78/datamex1019.git,git@github.com:diegodg78/datamex1019.git,https://github.com/diegodg78/datamex1019.git,https://github.com/diegodg78/datamex1019,,247039,0,0,Jupyter Notebook,False,True,True,True,False,0,,False,False,0,0,0,0,master,diegodg78,51806639,MDQ6VXNlcjUxODA2NjM5,https://avatars2.githubusercontent.com/u/51806639?v=4,,https://api.github.com/users/diegodg78,https://github.com/diegodg78,https://api.github.com/users/diegodg78/followers,https://api.github.com/users/diegodg78/following{/other_user},https://api.github.com/users/diegodg78/gists{/gist_id},https://api.github.com/users/diegodg78/starred{/owner}{/repo},https://api.github.com/users/diegodg78/subscriptions,https://api.github.com/users/diegodg78/orgs,https://api.github.com/users/diegodg78/repos,https://api.github.com/users/diegodg78/events{/privacy},https://api.github.com/users/diegodg78/received_events,User,False,agpl-3.0,GNU Affero General Public License v3.0,AGPL-3.0,https://api.github.com/licenses/agpl-3.0,MDc6TGljZW5zZTE=
216617567,MDEwOlJlcG9zaXRvcnkyMTY2MTc1Njc=,datamex1019,oscarifh/datamex1019,False,https://github.com/oscarifh/datamex1019,,True,https://api.github.com/repos/oscarifh/datamex1019,https://api.github.com/repos/oscarifh/datamex1019/forks,https://api.github.com/repos/oscarifh/datamex1019/keys{/key_id},https://api.github.com/repos/oscarifh/datamex1019/collaborators{/collaborator},https://api.github.com/repos/oscarifh/datamex1019/teams,https://api.github.com/repos/oscarifh/datamex1019/hooks,https://api.github.com/repos/oscarifh/datamex1019/issues/events{/number},https://api.github.com/repos/oscarifh/datamex1019/events,https://api.github.com/repos/oscarifh/datamex1019/assignees{/user},https://api.github.com/repos/oscarifh/datamex1019/branches{/branch},https://api.github.com/repos/oscarifh/datamex1019/tags,https://api.github.com/repos/oscarifh/datamex1019/git/blobs{/sha},https://api.github.com/repos/oscarifh/datamex1019/git/tags{/sha},https://api.github.com/repos/oscarifh/datamex1019/git/refs{/sha},https://api.github.com/repos/oscarifh/datamex1019/git/trees{/sha},https://api.github.com/repos/oscarifh/datamex1019/statuses/{sha},https://api.github.com/repos/oscarifh/datamex1019/languages,https://api.github.com/repos/oscarifh/datamex1019/stargazers,https://api.github.com/repos/oscarifh/datamex1019/contributors,https://api.github.com/repos/oscarifh/datamex1019/subscribers,https://api.github.com/repos/oscarifh/datamex1019/subscription,https://api.github.com/repos/oscarifh/datamex1019/commits{/sha},https://api.github.com/repos/oscarifh/datamex1019/git/commits{/sha},https://api.github.com/repos/oscarifh/datamex1019/comments{/number},https://api.github.com/repos/oscarifh/datamex1019/issues/comments{/number},https://api.github.com/repos/oscarifh/datamex1019/contents/{+path},https://api.github.com/repos/oscarifh/datamex1019/compare/{base}...{head},https://api.github.com/repos/oscarifh/datamex1019/merges,https://api.github.com/repos/oscarifh/datamex1019/{archive_format}{/ref},https://api.github.com/repos/oscarifh/datamex1019/downloads,https://api.github.com/repos/oscarifh/datamex1019/issues{/number},https://api.github.com/repos/oscarifh/datamex1019/pulls{/number},https://api.github.com/repos/oscarifh/datamex1019/milestones{/number},"https://api.github.com/repos/oscarifh/datamex1019/notifications{?since,all,participating}",https://api.github.com/repos/oscarifh/datamex1019/labels{/name},https://api.github.com/repos/oscarifh/datamex1019/releases{/id},https://api.github.com/repos/oscarifh/datamex1019/deployments,2019-10-21T16:43:50Z,2019-10-21T16:43:51Z,2019-10-20T18:31:54Z,git://github.com/oscarifh/datamex1019.git,git@github.com:oscarifh/datamex1019.git,https://github.com/oscarifh/datamex1019.git,https://github.com/oscarifh/datamex1019,,246864,0,0,,False,True,True,True,False,0,,False,False,0,0,0,0,master,oscarifh,52328664,MDQ6VXNlcjUyMzI4NjY0,https://avatars2.githubusercontent.com/u/52328664?v=4,,https://api.github.com/users/oscarifh,https://github.com/oscarifh,https://api.github.com/users/oscarifh/followers,https://api.github.com/users/oscarifh/following{/other_user},https://api.github.com/users/oscarifh/gists{/gist_id},https://api.github.com/users/oscarifh/starred{/owner}{/repo},https://api.github.com/users/oscarifh/subscriptions,https://api.github.com/users/oscarifh/orgs,https://api.github.com/users/oscarifh/repos,https://api.github.com/users/oscarifh/events{/privacy},https://api.github.com/users/oscarifh/received_events,User,False,agpl-3.0,GNU Affero General Public License v3.0,AGPL-3.0,https://api.github.com/licenses/agpl-3.0,MDc6TGljZW5zZTE=
216611773,MDEwOlJlcG9zaXRvcnkyMTY2MTE3NzM=,datamex1019,ArturoQR/datamex1019,False,https://github.com/ArturoQR/datamex1019,,True,https://api.github.com/repos/ArturoQR/datamex1019,https://api.github.com/repos/ArturoQR/datamex1019/forks,https://api.github.com/repos/ArturoQR/datamex1019/keys{/key_id},https://api.github.com/repos/ArturoQR/datamex1019/collaborators{/collaborator},https://api.github.com/repos/ArturoQR/datamex1019/teams,https://api.github.com/repos/ArturoQR/datamex1019/hooks,https://api.github.com/repos/ArturoQR/datamex1019/issues/events{/number},https://api.github.com/repos/ArturoQR/datamex1019/events,https://api.github.com/repos/ArturoQR/datamex1019/assignees{/user},https://api.github.com/repos/ArturoQR/datamex1019/branches{/branch},https://api.github.com/repos/ArturoQR/datamex1019/tags,https://api.github.com/repos/ArturoQR/datamex1019/git/blobs{/sha},https://api.github.com/repos/ArturoQR/datamex1019/git/tags{/sha},https://api.github.com/repos/ArturoQR/datamex1019/git/refs{/sha},https://api.github.com/repos/ArturoQR/datamex1019/git/trees{/sha},https://api.github.com/repos/ArturoQR/datamex1019/statuses/{sha},https://api.github.com/repos/ArturoQR/datamex1019/languages,https://api.github.com/repos/ArturoQR/datamex1019/stargazers,https://api.github.com/repos/ArturoQR/datamex1019/contributors,https://api.github.com/repos/ArturoQR/datamex1019/subscribers,https://api.github.com/repos/ArturoQR/datamex1019/subscription,https://api.github.com/repos/ArturoQR/datamex1019/commits{/sha},https://api.github.com/repos/ArturoQR/datamex1019/git/commits{/sha},https://api.github.com/repos/ArturoQR/datamex1019/comments{/number},https://api.github.com/repos/ArturoQR/datamex1019/issues/comments{/number},https://api.github.com/repos/ArturoQR/datamex1019/contents/{+path},https://api.github.com/repos/ArturoQR/datamex1019/compare/{base}...{head},https://api.github.com/repos/ArturoQR/datamex1019/merges,https://api.github.com/repos/ArturoQR/datamex1019/{archive_format}{/ref},https://api.github.com/repos/ArturoQR/datamex1019/downloads,https://api.github.com/repos/ArturoQR/datamex1019/issues{/number},https://api.github.com/repos/ArturoQR/datamex1019/pulls{/number},https://api.github.com/repos/ArturoQR/datamex1019/milestones{/number},"https://api.github.com/repos/ArturoQR/datamex1019/notifications{?since,all,participating}",https://api.github.com/repos/ArturoQR/datamex1019/labels{/name},https://api.github.com/repos/ArturoQR/datamex1019/releases{/id},https://api.github.com/repos/ArturoQR/datamex1019/deployments,2019-10-21T16:14:01Z,2019-10-21T16:14:02Z,2019-11-03T02:53:40Z,git://github.com/ArturoQR/datamex1019.git,git@github.com:ArturoQR/datamex1019.git,https://github.com/ArturoQR/datamex1019.git,https://github.com/ArturoQR/datamex1019,,247268,0,0,,False,True,True,True,False,0,,False,False,0,0,0,0,master,ArturoQR,56689571,MDQ6VXNlcjU2Njg5NTcx,https://avatars0.githubusercontent.com/u/56689571?v=4,,https://api.github.com/users/ArturoQR,https://github.com/ArturoQR,https://api.github.com/users/ArturoQR/followers,https://api.github.com/users/ArturoQR/following{/other_user},https://api.github.com/users/ArturoQR/gists{/gist_id},https://api.github.com/users/ArturoQR/starred{/owner}{/repo},https://api.github.com/users/ArturoQR/subscriptions,https://api.github.com/users/ArturoQR/orgs,https://api.github.com/users/ArturoQR/repos,https://api.github.com/users/ArturoQR/events{/privacy},https://api.github.com/users/ArturoQR/received_events,User,False,agpl-3.0,GNU Affero General Public License v3.0,AGPL-3.0,https://api.github.com/licenses/agpl-3.0,MDc6TGljZW5zZTE=
216610348,MDEwOlJlcG9zaXRvcnkyMTY2MTAzNDg=,datamex1019,ErnestoGHM/datamex1019,False,https://github.com/ErnestoGHM/datamex1019,,True,https://api.github.com/repos/ErnestoGHM/datamex1019,https://api.github.com/repos/ErnestoGHM/datamex1019/forks,https://api.github.com/repos/ErnestoGHM/datamex1019/keys{/key_id},https://api.github.com/repos/ErnestoGHM/datamex1019/collaborators{/collaborator},https://api.github.com/repos/ErnestoGHM/datamex1019/teams,https://api.github.com/repos/ErnestoGHM/datamex1019/hooks,https://api.github.com/repos/ErnestoGHM/datamex1019/issues/events{/number},https://api.github.com/repos/ErnestoGHM/datamex1019/events,https://api.github.com/repos/ErnestoGHM/datamex1019/assignees{/user},https://api.github.com/repos/ErnestoGHM/datamex1019/branches{/branch},https://api.github.com/repos/ErnestoGHM/datamex1019/tags,https://api.github.com/repos/ErnestoGHM/datamex1019/git/blobs{/sha},https://api.github.com/repos/ErnestoGHM/datamex1019/git/tags{/sha},https://api.github.com/repos/ErnestoGHM/datamex1019/git/refs{/sha},https://api.github.com/repos/ErnestoGHM/datamex1019/git/trees{/sha},https://api.github.com/repos/ErnestoGHM/datamex1019/statuses/{sha},https://api.github.com/repos/ErnestoGHM/datamex1019/languages,https://api.github.com/repos/ErnestoGHM/datamex1019/stargazers,https://api.github.com/repos/ErnestoGHM/datamex1019/contributors,https://api.github.com/repos/ErnestoGHM/datamex1019/subscribers,https://api.github.com/repos/ErnestoGHM/datamex1019/subscription,https://api.github.com/repos/ErnestoGHM/datamex1019/commits{/sha},https://api.github.com/repos/ErnestoGHM/datamex1019/git/commits{/sha},https://api.github.com/repos/ErnestoGHM/datamex1019/comments{/number},https://api.github.com/repos/ErnestoGHM/datamex1019/issues/comments{/number},https://api.github.com/repos/ErnestoGHM/datamex1019/contents/{+path},https://api.github.com/repos/ErnestoGHM/datamex1019/compare/{base}...{head},https://api.github.com/repos/ErnestoGHM/datamex1019/merges,https://api.github.com/repos/ErnestoGHM/datamex1019/{archive_format}{/ref},https://api.github.com/repos/ErnestoGHM/datamex1019/downloads,https://api.github.com/repos/ErnestoGHM/datamex1019/issues{/number},https://api.github.com/repos/ErnestoGHM/datamex1019/pulls{/number},https://api.github.com/repos/ErnestoGHM/datamex1019/milestones{/number},"https://api.github.com/repos/ErnestoGHM/datamex1019/notifications{?since,all,participating}",https://api.github.com/repos/ErnestoGHM/datamex1019/labels{/name},https://api.github.com/repos/ErnestoGHM/datamex1019/releases{/id},https://api.github.com/repos/ErnestoGHM/datamex1019/deployments,2019-10-21T16:07:25Z,2019-11-04T16:35:41Z,2019-11-04T22:00:49Z,git://github.com/ErnestoGHM/datamex1019.git,git@github.com:ErnestoGHM/datamex1019.git,https://github.com/ErnestoGHM/datamex1019.git,https://github.com/ErnestoGHM/datamex1019,,247641,0,0,Jupyter Notebook,False,True,True,True,False,0,,False,False,0,0,0,0,master,ErnestoGHM,55732109,MDQ6VXNlcjU1NzMyMTA5,https://avatars2.githubusercontent.com/u/55732109?v=4,,https://api.github.com/users/ErnestoGHM,https://github.com/ErnestoGHM,https://api.github.com/users/ErnestoGHM/followers,https://api.github.com/users/ErnestoGHM/following{/other_user},https://api.github.com/users/ErnestoGHM/gists{/gist_id},https://api.github.com/users/ErnestoGHM/starred{/owner}{/repo},https://api.github.com/users/ErnestoGHM/subscriptions,https://api.github.com/users/ErnestoGHM/orgs,https://api.github.com/users/ErnestoGHM/repos,https://api.github.com/users/ErnestoGHM/events{/privacy},https://api.github.com/users/ErnestoGHM/received_events,User,False,agpl-3.0,GNU Affero General Public License v3.0,AGPL-3.0,https://api.github.com/licenses/agpl-3.0,MDc6TGljZW5zZTE=
216610307,MDEwOlJlcG9zaXRvcnkyMTY2MTAzMDc=,datamex1019,JuanPacoHernandez/datamex1019,False,https://github.com/JuanPacoHernandez/datamex1019,,True,https://api.github.com/repos/JuanPacoHernandez/datamex1019,https://api.github.com/repos/JuanPacoHernandez/datamex1019/forks,https://api.github.com/repos/JuanPacoHernandez/datamex1019/keys{/key_id},https://api.github.com/repos/JuanPacoHernandez/datamex1019/collaborators{/collaborator},https://api.github.com/repos/JuanPacoHernandez/datamex1019/teams,https://api.github.com/repos/JuanPacoHernandez/datamex1019/hooks,https://api.github.com/repos/JuanPacoHernandez/datamex1019/issues/events{/number},https://api.github.com/repos/JuanPacoHernandez/datamex1019/events,https://api.github.com/repos/JuanPacoHernandez/datamex1019/assignees{/user},https://api.github.com/repos/JuanPacoHernandez/datamex1019/branches{/branch},https://api.github.com/repos/JuanPacoHernandez/datamex1019/tags,https://api.github.com/repos/JuanPacoHernandez/datamex1019/git/blobs{/sha},https://api.github.com/repos/JuanPacoHernandez/datamex1019/git/tags{/sha},https://api.github.com/repos/JuanPacoHernandez/datamex1019/git/refs{/sha},https://api.github.com/repos/JuanPacoHernandez/datamex1019/git/trees{/sha},https://api.github.com/repos/JuanPacoHernandez/datamex1019/statuses/{sha},https://api.github.com/repos/JuanPacoHernandez/datamex1019/languages,https://api.github.com/repos/JuanPacoHernandez/datamex1019/stargazers,https://api.github.com/repos/JuanPacoHernandez/datamex1019/contributors,https://api.github.com/repos/JuanPacoHernandez/datamex1019/subscribers,https://api.github.com/repos/JuanPacoHernandez/datamex1019/subscription,https://api.github.com/repos/JuanPacoHernandez/datamex1019/commits{/sha},https://api.github.com/repos/JuanPacoHernandez/datamex1019/git/commits{/sha},https://api.github.com/repos/JuanPacoHernandez/datamex1019/comments{/number},https://api.github.com/repos/JuanPacoHernandez/datamex1019/issues/comments{/number},https://api.github.com/repos/JuanPacoHernandez/datamex1019/contents/{+path},https://api.github.com/repos/JuanPacoHernandez/datamex1019/compare/{base}...{head},https://api.github.com/repos/JuanPacoHernandez/datamex1019/merges,https://api.github.com/repos/JuanPacoHernandez/datamex1019/{archive_format}{/ref},https://api.github.com/repos/JuanPacoHernandez/datamex1019/downloads,https://api.github.com/repos/JuanPacoHernandez/datamex1019/issues{/number},https://api.github.com/repos/JuanPacoHernandez/datamex1019/pulls{/number},https://api.github.com/repos/JuanPacoHernandez/datamex1019/milestones{/number},"https://api.github.com/repos/JuanPacoHernandez/datamex1019/notifications{?since,all,participating}",https://api.github.com/repos/JuanPacoHernandez/datamex1019/labels{/name},https://api.github.com/repos/JuanPacoHernandez/datamex1019/releases{/id},https://api.github.com/repos/JuanPacoHernandez/datamex1019/deployments,2019-10-21T16:07:14Z,2019-10-21T22:56:58Z,2019-11-04T23:56:48Z,git://github.com/JuanPacoHernandez/datamex1019.git,git@github.com:JuanPacoHernandez/datamex1019.git,https://github.com/JuanPacoHernandez/datamex1019.git,https://github.com/JuanPacoHernandez/datamex1019,,250582,0,0,Jupyter Notebook,False,True,True,True,False,0,,False,False,0,0,0,0,master,JuanPacoHernandez,56371747,MDQ6VXNlcjU2MzcxNzQ3,https://avatars3.githubusercontent.com/u/56371747?v=4,,https://api.github.com/users/JuanPacoHernandez,https://github.com/JuanPacoHernandez,https://api.github.com/users/JuanPacoHernandez/followers,https://api.github.com/users/JuanPacoHernandez/following{/other_user},https://api.github.com/users/JuanPacoHernandez/gists{/gist_id},https://api.github.com/users/JuanPacoHernandez/starred{/owner}{/repo},https://api.github.com/users/JuanPacoHernandez/subscriptions,https://api.github.com/users/JuanPacoHernandez/orgs,https://api.github.com/users/JuanPacoHernandez/repos,https://api.github.com/users/JuanPacoHernandez/events{/privacy},https://api.github.com/users/JuanPacoHernandez/received_events,User,False,agpl-3.0,GNU Affero General Public License v3.0,AGPL-3.0,https://api.github.com/licenses/agpl-3.0,MDc6TGljZW5zZTE=
216610286,MDEwOlJlcG9zaXRvcnkyMTY2MTAyODY=,datamex1019,rubenperez1982/datamex1019,False,https://github.com/rubenperez1982/datamex1019,,True,https://api.github.com/repos/rubenperez1982/datamex1019,https://api.github.com/repos/rubenperez1982/datamex1019/forks,https://api.github.com/repos/rubenperez1982/datamex1019/keys{/key_id},https://api.github.com/repos/rubenperez1982/datamex1019/collaborators{/collaborator},https://api.github.com/repos/rubenperez1982/datamex1019/teams,https://api.github.com/repos/rubenperez1982/datamex1019/hooks,https://api.github.com/repos/rubenperez1982/datamex1019/issues/events{/number},https://api.github.com/repos/rubenperez1982/datamex1019/events,https://api.github.com/repos/rubenperez1982/datamex1019/assignees{/user},https://api.github.com/repos/rubenperez1982/datamex1019/branches{/branch},https://api.github.com/repos/rubenperez1982/datamex1019/tags,https://api.github.com/repos/rubenperez1982/datamex1019/git/blobs{/sha},https://api.github.com/repos/rubenperez1982/datamex1019/git/tags{/sha},https://api.github.com/repos/rubenperez1982/datamex1019/git/refs{/sha},https://api.github.com/repos/rubenperez1982/datamex1019/git/trees{/sha},https://api.github.com/repos/rubenperez1982/datamex1019/statuses/{sha},https://api.github.com/repos/rubenperez1982/datamex1019/languages,https://api.github.com/repos/rubenperez1982/datamex1019/stargazers,https://api.github.com/repos/rubenperez1982/datamex1019/contributors,https://api.github.com/repos/rubenperez1982/datamex1019/subscribers,https://api.github.com/repos/rubenperez1982/datamex1019/subscription,https://api.github.com/repos/rubenperez1982/datamex1019/commits{/sha},https://api.github.com/repos/rubenperez1982/datamex1019/git/commits{/sha},https://api.github.com/repos/rubenperez1982/datamex1019/comments{/number},https://api.github.com/repos/rubenperez1982/datamex1019/issues/comments{/number},https://api.github.com/repos/rubenperez1982/datamex1019/contents/{+path},https://api.github.com/repos/rubenperez1982/datamex1019/compare/{base}...{head},https://api.github.com/repos/rubenperez1982/datamex1019/merges,https://api.github.com/repos/rubenperez1982/datamex1019/{archive_format}{/ref},https://api.github.com/repos/rubenperez1982/datamex1019/downloads,https://api.github.com/repos/rubenperez1982/datamex1019/issues{/number},https://api.github.com/repos/rubenperez1982/datamex1019/pulls{/number},https://api.github.com/repos/rubenperez1982/datamex1019/milestones{/number},"https://api.github.com/repos/rubenperez1982/datamex1019/notifications{?since,all,participating}",https://api.github.com/repos/rubenperez1982/datamex1019/labels{/name},https://api.github.com/repos/rubenperez1982/datamex1019/releases{/id},https://api.github.com/repos/rubenperez1982/datamex1019/deployments,2019-10-21T16:07:10Z,2019-10-21T16:31:20Z,2019-10-22T05:18:14Z,git://github.com/rubenperez1982/datamex1019.git,git@github.com:rubenperez1982/datamex1019.git,https://github.com/rubenperez1982/datamex1019.git,https://github.com/rubenperez1982/datamex1019,,246867,0,0,Jupyter Notebook,False,True,True,True,False,0,,False,False,0,0,0,0,master,rubenperez1982,55466548,MDQ6VXNlcjU1NDY2NTQ4,https://avatars1.githubusercontent.com/u/55466548?v=4,,https://api.github.com/users/rubenperez1982,https://github.com/rubenperez1982,https://api.github.com/users/rubenperez1982/followers,https://api.github.com/users/rubenperez1982/following{/other_user},https://api.github.com/users/rubenperez1982/gists{/gist_id},https://api.github.com/users/rubenperez1982/starred{/owner}{/repo},https://api.github.com/users/rubenperez1982/subscriptions,https://api.github.com/users/rubenperez1982/orgs,https://api.github.com/users/rubenperez1982/repos,https://api.github.com/users/rubenperez1982/events{/privacy},https://api.github.com/users/rubenperez1982/received_events,User,False,agpl-3.0,GNU Affero General Public License v3.0,AGPL-3.0,https://api.github.com/licenses/agpl-3.0,MDc6TGljZW5zZTE=
216610287,MDEwOlJlcG9zaXRvcnkyMTY2MTAyODc=,datamex1019,YonatanRA/datamex1019,False,https://github.com/YonatanRA/datamex1019,,True,https://api.github.com/repos/YonatanRA/datamex1019,https://api.github.com/repos/YonatanRA/datamex1019/forks,https://api.github.com/repos/YonatanRA/datamex1019/keys{/key_id},https://api.github.com/repos/YonatanRA/datamex1019/collaborators{/collaborator},https://api.github.com/repos/YonatanRA/datamex1019/teams,https://api.github.com/repos/YonatanRA/datamex1019/hooks,https://api.github.com/repos/YonatanRA/datamex1019/issues/events{/number},https://api.github.com/repos/YonatanRA/datamex1019/events,https://api.github.com/repos/YonatanRA/datamex1019/assignees{/user},https://api.github.com/repos/YonatanRA/datamex1019/branches{/branch},https://api.github.com/repos/YonatanRA/datamex1019/tags,https://api.github.com/repos/YonatanRA/datamex1019/git/blobs{/sha},https://api.github.com/repos/YonatanRA/datamex1019/git/tags{/sha},https://api.github.com/repos/YonatanRA/datamex1019/git/refs{/sha},https://api.github.com/repos/YonatanRA/datamex1019/git/trees{/sha},https://api.github.com/repos/YonatanRA/datamex1019/statuses/{sha},https://api.github.com/repos/YonatanRA/datamex1019/languages,https://api.github.com/repos/YonatanRA/datamex1019/stargazers,https://api.github.com/repos/YonatanRA/datamex1019/contributors,https://api.github.com/repos/YonatanRA/datamex1019/subscribers,https://api.github.com/repos/YonatanRA/datamex1019/subscription,https://api.github.com/repos/YonatanRA/datamex1019/commits{/sha},https://api.github.com/repos/YonatanRA/datamex1019/git/commits{/sha},https://api.github.com/repos/YonatanRA/datamex1019/comments{/number},https://api.github.com/repos/YonatanRA/datamex1019/issues/comments{/number},https://api.github.com/repos/YonatanRA/datamex1019/contents/{+path},https://api.github.com/repos/YonatanRA/datamex1019/compare/{base}...{head},https://api.github.com/repos/YonatanRA/datamex1019/merges,https://api.github.com/repos/YonatanRA/datamex1019/{archive_format}{/ref},https://api.github.com/repos/YonatanRA/datamex1019/downloads,https://api.github.com/repos/YonatanRA/datamex1019/issues{/number},https://api.github.com/repos/YonatanRA/datamex1019/pulls{/number},https://api.github.com/repos/YonatanRA/datamex1019/milestones{/number},"https://api.github.com/repos/YonatanRA/datamex1019/notifications{?since,all,participating}",https://api.github.com/repos/YonatanRA/datamex1019/labels{/name},https://api.github.com/repos/YonatanRA/datamex1019/releases{/id},https://api.github.com/repos/YonatanRA/datamex1019/deployments,2019-10-21T16:07:10Z,2019-10-22T13:57:57Z,2019-10-22T13:57:56Z,git://github.com/YonatanRA/datamex1019.git,git@github.com:YonatanRA/datamex1019.git,https://github.com/YonatanRA/datamex1019.git,https://github.com/YonatanRA/datamex1019,,246870,0,0,Jupyter Notebook,False,True,True,True,False,0,,False,False,0,0,0,0,master,YonatanRA,47545401,MDQ6VXNlcjQ3NTQ1NDAx,https://avatars3.githubusercontent.com/u/47545401?v=4,,https://api.github.com/users/YonatanRA,https://github.com/YonatanRA,https://api.github.com/users/YonatanRA/followers,https://api.github.com/users/YonatanRA/following{/other_user},https://api.github.com/users/YonatanRA/gists{/gist_id},https://api.github.com/users/YonatanRA/starred{/owner}{/repo},https://api.github.com/users/YonatanRA/subscriptions,https://api.github.com/users/YonatanRA/orgs,https://api.github.com/users/YonatanRA/repos,https://api.github.com/users/YonatanRA/events{/privacy},https://api.github.com/users/YonatanRA/received_events,User,False,agpl-3.0,GNU Affero General Public License v3.0,AGPL-3.0,https://api.github.com/licenses/agpl-3.0,MDc6TGljZW5zZTE=
216610282,MDEwOlJlcG9zaXRvcnkyMTY2MTAyODI=,datamex1019,valjime95/datamex1019,False,https://github.com/valjime95/datamex1019,,True,https://api.github.com/repos/valjime95/datamex1019,https://api.github.com/repos/valjime95/datamex1019/forks,https://api.github.com/repos/valjime95/datamex1019/keys{/key_id},https://api.github.com/repos/valjime95/datamex1019/collaborators{/collaborator},https://api.github.com/repos/valjime95/datamex1019/teams,https://api.github.com/repos/valjime95/datamex1019/hooks,https://api.github.com/repos/valjime95/datamex1019/issues/events{/number},https://api.github.com/repos/valjime95/datamex1019/events,https://api.github.com/repos/valjime95/datamex1019/assignees{/user},https://api.github.com/repos/valjime95/datamex1019/branches{/branch},https://api.github.com/repos/valjime95/datamex1019/tags,https://api.github.com/repos/valjime95/datamex1019/git/blobs{/sha},https://api.github.com/repos/valjime95/datamex1019/git/tags{/sha},https://api.github.com/repos/valjime95/datamex1019/git/refs{/sha},https://api.github.com/repos/valjime95/datamex1019/git/trees{/sha},https://api.github.com/repos/valjime95/datamex1019/statuses/{sha},https://api.github.com/repos/valjime95/datamex1019/languages,https://api.github.com/repos/valjime95/datamex1019/stargazers,https://api.github.com/repos/valjime95/datamex1019/contributors,https://api.github.com/repos/valjime95/datamex1019/subscribers,https://api.github.com/repos/valjime95/datamex1019/subscription,https://api.github.com/repos/valjime95/datamex1019/commits{/sha},https://api.github.com/repos/valjime95/datamex1019/git/commits{/sha},https://api.github.com/repos/valjime95/datamex1019/comments{/number},https://api.github.com/repos/valjime95/datamex1019/issues/comments{/number},https://api.github.com/repos/valjime95/datamex1019/contents/{+path},https://api.github.com/repos/valjime95/datamex1019/compare/{base}...{head},https://api.github.com/repos/valjime95/datamex1019/merges,https://api.github.com/repos/valjime95/datamex1019/{archive_format}{/ref},https://api.github.com/repos/valjime95/datamex1019/downloads,https://api.github.com/repos/valjime95/datamex1019/issues{/number},https://api.github.com/repos/valjime95/datamex1019/pulls{/number},https://api.github.com/repos/valjime95/datamex1019/milestones{/number},"https://api.github.com/repos/valjime95/datamex1019/notifications{?since,all,participating}",https://api.github.com/repos/valjime95/datamex1019/labels{/name},https://api.github.com/repos/valjime95/datamex1019/releases{/id},https://api.github.com/repos/valjime95/datamex1019/deployments,2019-10-21T16:07:09Z,2019-10-30T18:28:06Z,2019-11-05T00:11:20Z,git://github.com/valjime95/datamex1019.git,git@github.com:valjime95/datamex1019.git,https://github.com/valjime95/datamex1019.git,https://github.com/valjime95/datamex1019,,248240,0,0,Jupyter Notebook,False,True,True,True,False,0,,False,False,0,0,0,0,master,valjime95,56173418,MDQ6VXNlcjU2MTczNDE4,https://avatars0.githubusercontent.com/u/56173418?v=4,,https://api.github.com/users/valjime95,https://github.com/valjime95,https://api.github.com/users/valjime95/followers,https://api.github.com/users/valjime95/following{/other_user},https://api.github.com/users/valjime95/gists{/gist_id},https://api.github.com/users/valjime95/starred{/owner}{/repo},https://api.github.com/users/valjime95/subscriptions,https://api.github.com/users/valjime95/orgs,https://api.github.com/users/valjime95/repos,https://api.github.com/users/valjime95/events{/privacy},https://api.github.com/users/valjime95/received_events,User,False,agpl-3.0,GNU Affero General Public License v3.0,AGPL-3.0,https://api.github.com/licenses/agpl-3.0,MDc6TGljZW5zZTE=
216610284,MDEwOlJlcG9zaXRvcnkyMTY2MTAyODQ=,datamex1019,javier171188/datamex1019,False,https://github.com/javier171188/datamex1019,,True,https://api.github.com/repos/javier171188/datamex1019,https://api.github.com/repos/javier171188/datamex1019/forks,https://api.github.com/repos/javier171188/datamex1019/keys{/key_id},https://api.github.com/repos/javier171188/datamex1019/collaborators{/collaborator},https://api.github.com/repos/javier171188/datamex1019/teams,https://api.github.com/repos/javier171188/datamex1019/hooks,https://api.github.com/repos/javier171188/datamex1019/issues/events{/number},https://api.github.com/repos/javier171188/datamex1019/events,https://api.github.com/repos/javier171188/datamex1019/assignees{/user},https://api.github.com/repos/javier171188/datamex1019/branches{/branch},https://api.github.com/repos/javier171188/datamex1019/tags,https://api.github.com/repos/javier171188/datamex1019/git/blobs{/sha},https://api.github.com/repos/javier171188/datamex1019/git/tags{/sha},https://api.github.com/repos/javier171188/datamex1019/git/refs{/sha},https://api.github.com/repos/javier171188/datamex1019/git/trees{/sha},https://api.github.com/repos/javier171188/datamex1019/statuses/{sha},https://api.github.com/repos/javier171188/datamex1019/languages,https://api.github.com/repos/javier171188/datamex1019/stargazers,https://api.github.com/repos/javier171188/datamex1019/contributors,https://api.github.com/repos/javier171188/datamex1019/subscribers,https://api.github.com/repos/javier171188/datamex1019/subscription,https://api.github.com/repos/javier171188/datamex1019/commits{/sha},https://api.github.com/repos/javier171188/datamex1019/git/commits{/sha},https://api.github.com/repos/javier171188/datamex1019/comments{/number},https://api.github.com/repos/javier171188/datamex1019/issues/comments{/number},https://api.github.com/repos/javier171188/datamex1019/contents/{+path},https://api.github.com/repos/javier171188/datamex1019/compare/{base}...{head},https://api.github.com/repos/javier171188/datamex1019/merges,https://api.github.com/repos/javier171188/datamex1019/{archive_format}{/ref},https://api.github.com/repos/javier171188/datamex1019/downloads,https://api.github.com/repos/javier171188/datamex1019/issues{/number},https://api.github.com/repos/javier171188/datamex1019/pulls{/number},https://api.github.com/repos/javier171188/datamex1019/milestones{/number},"https://api.github.com/repos/javier171188/datamex1019/notifications{?since,all,participating}",https://api.github.com/repos/javier171188/datamex1019/labels{/name},https://api.github.com/repos/javier171188/datamex1019/releases{/id},https://api.github.com/repos/javier171188/datamex1019/deployments,2019-10-21T16:07:09Z,2019-10-25T23:46:57Z,2019-11-04T21:52:16Z,git://github.com/javier171188/datamex1019.git,git@github.com:javier171188/datamex1019.git,https://github.com/javier171188/datamex1019.git,https://github.com/javier171188/datamex1019,,251743,0,0,Jupyter Notebook,False,True,True,True,False,0,,False,False,0,0,0,0,master,javier171188,47228219,MDQ6VXNlcjQ3MjI4MjE5,https://avatars3.githubusercontent.com/u/47228219?v=4,,https://api.github.com/users/javier171188,https://github.com/javier171188,https://api.github.com/users/javier171188/followers,https://api.github.com/users/javier171188/following{/other_user},https://api.github.com/users/javier171188/gists{/gist_id},https://api.github.com/users/javier171188/starred{/owner}{/repo},https://api.github.com/users/javier171188/subscriptions,https://api.github.com/users/javier171188/orgs,https://api.github.com/users/javier171188/repos,https://api.github.com/users/javier171188/events{/privacy},https://api.github.com/users/javier171188/received_events,User,False,agpl-3.0,GNU Affero General Public License v3.0,AGPL-3.0,https://api.github.com/licenses/agpl-3.0,MDc6TGljZW5zZTE=
216610270,MDEwOlJlcG9zaXRvcnkyMTY2MTAyNzA=,datamex1019,ReynaldoMR3/datamex1019,False,https://github.com/ReynaldoMR3/datamex1019,,True,https://api.github.com/repos/ReynaldoMR3/datamex1019,https://api.github.com/repos/ReynaldoMR3/datamex1019/forks,https://api.github.com/repos/ReynaldoMR3/datamex1019/keys{/key_id},https://api.github.com/repos/ReynaldoMR3/datamex1019/collaborators{/collaborator},https://api.github.com/repos/ReynaldoMR3/datamex1019/teams,https://api.github.com/repos/ReynaldoMR3/datamex1019/hooks,https://api.github.com/repos/ReynaldoMR3/datamex1019/issues/events{/number},https://api.github.com/repos/ReynaldoMR3/datamex1019/events,https://api.github.com/repos/ReynaldoMR3/datamex1019/assignees{/user},https://api.github.com/repos/ReynaldoMR3/datamex1019/branches{/branch},https://api.github.com/repos/ReynaldoMR3/datamex1019/tags,https://api.github.com/repos/ReynaldoMR3/datamex1019/git/blobs{/sha},https://api.github.com/repos/ReynaldoMR3/datamex1019/git/tags{/sha},https://api.github.com/repos/ReynaldoMR3/datamex1019/git/refs{/sha},https://api.github.com/repos/ReynaldoMR3/datamex1019/git/trees{/sha},https://api.github.com/repos/ReynaldoMR3/datamex1019/statuses/{sha},https://api.github.com/repos/ReynaldoMR3/datamex1019/languages,https://api.github.com/repos/ReynaldoMR3/datamex1019/stargazers,https://api.github.com/repos/ReynaldoMR3/datamex1019/contributors,https://api.github.com/repos/ReynaldoMR3/datamex1019/subscribers,https://api.github.com/repos/ReynaldoMR3/datamex1019/subscription,https://api.github.com/repos/ReynaldoMR3/datamex1019/commits{/sha},https://api.github.com/repos/ReynaldoMR3/datamex1019/git/commits{/sha},https://api.github.com/repos/ReynaldoMR3/datamex1019/comments{/number},https://api.github.com/repos/ReynaldoMR3/datamex1019/issues/comments{/number},https://api.github.com/repos/ReynaldoMR3/datamex1019/contents/{+path},https://api.github.com/repos/ReynaldoMR3/datamex1019/compare/{base}...{head},https://api.github.com/repos/ReynaldoMR3/datamex1019/merges,https://api.github.com/repos/ReynaldoMR3/datamex1019/{archive_format}{/ref},https://api.github.com/repos/ReynaldoMR3/datamex1019/downloads,https://api.github.com/repos/ReynaldoMR3/datamex1019/issues{/number},https://api.github.com/repos/ReynaldoMR3/datamex1019/pulls{/number},https://api.github.com/repos/ReynaldoMR3/datamex1019/milestones{/number},"https://api.github.com/repos/ReynaldoMR3/datamex1019/notifications{?since,all,participating}",https://api.github.com/repos/ReynaldoMR3/datamex1019/labels{/name},https://api.github.com/repos/ReynaldoMR3/datamex1019/releases{/id},https://api.github.com/repos/ReynaldoMR3/datamex1019/deployments,2019-10-21T16:07:07Z,2019-10-21T16:07:08Z,2019-11-04T23:02:55Z,git://github.com/ReynaldoMR3/datamex1019.git,git@github.com:ReynaldoMR3/datamex1019.git,https://github.com/ReynaldoMR3/datamex1019.git,https://github.com/ReynaldoMR3/datamex1019,,247644,0,0,,False,True,True,True,False,0,,False,False,0,0,0,0,master,ReynaldoMR3,55258674,MDQ6VXNlcjU1MjU4Njc0,https://avatars3.githubusercontent.com/u/55258674?v=4,,https://api.github.com/users/ReynaldoMR3,https://github.com/ReynaldoMR3,https://api.github.com/users/ReynaldoMR3/followers,https://api.github.com/users/ReynaldoMR3/following{/other_user},https://api.github.com/users/ReynaldoMR3/gists{/gist_id},https://api.github.com/users/ReynaldoMR3/starred{/owner}{/repo},https://api.github.com/users/ReynaldoMR3/subscriptions,https://api.github.com/users/ReynaldoMR3/orgs,https://api.github.com/users/ReynaldoMR3/repos,https://api.github.com/users/ReynaldoMR3/events{/privacy},https://api.github.com/users/ReynaldoMR3/received_events,User,False,agpl-3.0,GNU Affero General Public License v3.0,AGPL-3.0,https://api.github.com/licenses/agpl-3.0,MDc6TGljZW5zZTE=
216610271,MDEwOlJlcG9zaXRvcnkyMTY2MTAyNzE=,datamex1019,EnriqueOrtiz27/datamex1019,False,https://github.com/EnriqueOrtiz27/datamex1019,,True,https://api.github.com/repos/EnriqueOrtiz27/datamex1019,https://api.github.com/repos/EnriqueOrtiz27/datamex1019/forks,https://api.github.com/repos/EnriqueOrtiz27/datamex1019/keys{/key_id},https://api.github.com/repos/EnriqueOrtiz27/datamex1019/collaborators{/collaborator},https://api.github.com/repos/EnriqueOrtiz27/datamex1019/teams,https://api.github.com/repos/EnriqueOrtiz27/datamex1019/hooks,https://api.github.com/repos/EnriqueOrtiz27/datamex1019/issues/events{/number},https://api.github.com/repos/EnriqueOrtiz27/datamex1019/events,https://api.github.com/repos/EnriqueOrtiz27/datamex1019/assignees{/user},https://api.github.com/repos/EnriqueOrtiz27/datamex1019/branches{/branch},https://api.github.com/repos/EnriqueOrtiz27/datamex1019/tags,https://api.github.com/repos/EnriqueOrtiz27/datamex1019/git/blobs{/sha},https://api.github.com/repos/EnriqueOrtiz27/datamex1019/git/tags{/sha},https://api.github.com/repos/EnriqueOrtiz27/datamex1019/git/refs{/sha},https://api.github.com/repos/EnriqueOrtiz27/datamex1019/git/trees{/sha},https://api.github.com/repos/EnriqueOrtiz27/datamex1019/statuses/{sha},https://api.github.com/repos/EnriqueOrtiz27/datamex1019/languages,https://api.github.com/repos/EnriqueOrtiz27/datamex1019/stargazers,https://api.github.com/repos/EnriqueOrtiz27/datamex1019/contributors,https://api.github.com/repos/EnriqueOrtiz27/datamex1019/subscribers,https://api.github.com/repos/EnriqueOrtiz27/datamex1019/subscription,https://api.github.com/repos/EnriqueOrtiz27/datamex1019/commits{/sha},https://api.github.com/repos/EnriqueOrtiz27/datamex1019/git/commits{/sha},https://api.github.com/repos/EnriqueOrtiz27/datamex1019/comments{/number},https://api.github.com/repos/EnriqueOrtiz27/datamex1019/issues/comments{/number},https://api.github.com/repos/EnriqueOrtiz27/datamex1019/contents/{+path},https://api.github.com/repos/EnriqueOrtiz27/datamex1019/compare/{base}...{head},https://api.github.com/repos/EnriqueOrtiz27/datamex1019/merges,https://api.github.com/repos/EnriqueOrtiz27/datamex1019/{archive_format}{/ref},https://api.github.com/repos/EnriqueOrtiz27/datamex1019/downloads,https://api.github.com/repos/EnriqueOrtiz27/datamex1019/issues{/number},https://api.github.com/repos/EnriqueOrtiz27/datamex1019/pulls{/number},https://api.github.com/repos/EnriqueOrtiz27/datamex1019/milestones{/number},"https://api.github.com/repos/EnriqueOrtiz27/datamex1019/notifications{?since,all,participating}",https://api.github.com/repos/EnriqueOrtiz27/datamex1019/labels{/name},https://api.github.com/repos/EnriqueOrtiz27/datamex1019/releases{/id},https://api.github.com/repos/EnriqueOrtiz27/datamex1019/deployments,2019-10-21T16:07:07Z,2019-10-25T15:25:26Z,2019-11-04T21:57:40Z,git://github.com/EnriqueOrtiz27/datamex1019.git,git@github.com:EnriqueOrtiz27/datamex1019.git,https://github.com/EnriqueOrtiz27/datamex1019.git,https://github.com/EnriqueOrtiz27/datamex1019,,249508,0,0,Jupyter Notebook,False,True,True,True,False,0,,False,False,0,0,0,0,master,EnriqueOrtiz27,56044858,MDQ6VXNlcjU2MDQ0ODU4,https://avatars0.githubusercontent.com/u/56044858?v=4,,https://api.github.com/users/EnriqueOrtiz27,https://github.com/EnriqueOrtiz27,https://api.github.com/users/EnriqueOrtiz27/followers,https://api.github.com/users/EnriqueOrtiz27/following{/other_user},https://api.github.com/users/EnriqueOrtiz27/gists{/gist_id},https://api.github.com/users/EnriqueOrtiz27/starred{/owner}{/repo},https://api.github.com/users/EnriqueOrtiz27/subscriptions,https://api.github.com/users/EnriqueOrtiz27/orgs,https://api.github.com/users/EnriqueOrtiz27/repos,https://api.github.com/users/EnriqueOrtiz27/events{/privacy},https://api.github.com/users/EnriqueOrtiz27/received_events,User,False,agpl-3.0,GNU Affero General Public License v3.0,AGPL-3.0,https://api.github.com/licenses/agpl-3.0,MDc6TGljZW5zZTE=
216610274,MDEwOlJlcG9zaXRvcnkyMTY2MTAyNzQ=,datamex1019,rogerzadi/datamex1019,False,https://github.com/rogerzadi/datamex1019,,True,https://api.github.com/repos/rogerzadi/datamex1019,https://api.github.com/repos/rogerzadi/datamex1019/forks,https://api.github.com/repos/rogerzadi/datamex1019/keys{/key_id},https://api.github.com/repos/rogerzadi/datamex1019/collaborators{/collaborator},https://api.github.com/repos/rogerzadi/datamex1019/teams,https://api.github.com/repos/rogerzadi/datamex1019/hooks,https://api.github.com/repos/rogerzadi/datamex1019/issues/events{/number},https://api.github.com/repos/rogerzadi/datamex1019/events,https://api.github.com/repos/rogerzadi/datamex1019/assignees{/user},https://api.github.com/repos/rogerzadi/datamex1019/branches{/branch},https://api.github.com/repos/rogerzadi/datamex1019/tags,https://api.github.com/repos/rogerzadi/datamex1019/git/blobs{/sha},https://api.github.com/repos/rogerzadi/datamex1019/git/tags{/sha},https://api.github.com/repos/rogerzadi/datamex1019/git/refs{/sha},https://api.github.com/repos/rogerzadi/datamex1019/git/trees{/sha},https://api.github.com/repos/rogerzadi/datamex1019/statuses/{sha},https://api.github.com/repos/rogerzadi/datamex1019/languages,https://api.github.com/repos/rogerzadi/datamex1019/stargazers,https://api.github.com/repos/rogerzadi/datamex1019/contributors,https://api.github.com/repos/rogerzadi/datamex1019/subscribers,https://api.github.com/repos/rogerzadi/datamex1019/subscription,https://api.github.com/repos/rogerzadi/datamex1019/commits{/sha},https://api.github.com/repos/rogerzadi/datamex1019/git/commits{/sha},https://api.github.com/repos/rogerzadi/datamex1019/comments{/number},https://api.github.com/repos/rogerzadi/datamex1019/issues/comments{/number},https://api.github.com/repos/rogerzadi/datamex1019/contents/{+path},https://api.github.com/repos/rogerzadi/datamex1019/compare/{base}...{head},https://api.github.com/repos/rogerzadi/datamex1019/merges,https://api.github.com/repos/rogerzadi/datamex1019/{archive_format}{/ref},https://api.github.com/repos/rogerzadi/datamex1019/downloads,https://api.github.com/repos/rogerzadi/datamex1019/issues{/number},https://api.github.com/repos/rogerzadi/datamex1019/pulls{/number},https://api.github.com/repos/rogerzadi/datamex1019/milestones{/number},"https://api.github.com/repos/rogerzadi/datamex1019/notifications{?since,all,participating}",https://api.github.com/repos/rogerzadi/datamex1019/labels{/name},https://api.github.com/repos/rogerzadi/datamex1019/releases{/id},https://api.github.com/repos/rogerzadi/datamex1019/deployments,2019-10-21T16:07:07Z,2019-10-21T16:07:08Z,2019-11-04T23:29:23Z,git://github.com/rogerzadi/datamex1019.git,git@github.com:rogerzadi/datamex1019.git,https://github.com/rogerzadi/datamex1019.git,https://github.com/rogerzadi/datamex1019,,247099,0,0,,False,True,True,True,False,0,,False,False,0,0,0,0,master,rogerzadi,39360671,MDQ6VXNlcjM5MzYwNjcx,https://avatars2.githubusercontent.com/u/39360671?v=4,,https://api.github.com/users/rogerzadi,https://github.com/rogerzadi,https://api.github.com/users/rogerzadi/followers,https://api.github.com/users/rogerzadi/following{/other_user},https://api.github.com/users/rogerzadi/gists{/gist_id},https://api.github.com/users/rogerzadi/starred{/owner}{/repo},https://api.github.com/users/rogerzadi/subscriptions,https://api.github.com/users/rogerzadi/orgs,https://api.github.com/users/rogerzadi/repos,https://api.github.com/users/rogerzadi/events{/privacy},https://api.github.com/users/rogerzadi/received_events,User,False,agpl-3.0,GNU Affero General Public License v3.0,AGPL-3.0,https://api.github.com/licenses/agpl-3.0,MDc6TGljZW5zZTE=
216610266,MDEwOlJlcG9zaXRvcnkyMTY2MTAyNjY=,datamex1019,IvanRubio/datamex1019,False,https://github.com/IvanRubio/datamex1019,,True,https://api.github.com/repos/IvanRubio/datamex1019,https://api.github.com/repos/IvanRubio/datamex1019/forks,https://api.github.com/repos/IvanRubio/datamex1019/keys{/key_id},https://api.github.com/repos/IvanRubio/datamex1019/collaborators{/collaborator},https://api.github.com/repos/IvanRubio/datamex1019/teams,https://api.github.com/repos/IvanRubio/datamex1019/hooks,https://api.github.com/repos/IvanRubio/datamex1019/issues/events{/number},https://api.github.com/repos/IvanRubio/datamex1019/events,https://api.github.com/repos/IvanRubio/datamex1019/assignees{/user},https://api.github.com/repos/IvanRubio/datamex1019/branches{/branch},https://api.github.com/repos/IvanRubio/datamex1019/tags,https://api.github.com/repos/IvanRubio/datamex1019/git/blobs{/sha},https://api.github.com/repos/IvanRubio/datamex1019/git/tags{/sha},https://api.github.com/repos/IvanRubio/datamex1019/git/refs{/sha},https://api.github.com/repos/IvanRubio/datamex1019/git/trees{/sha},https://api.github.com/repos/IvanRubio/datamex1019/statuses/{sha},https://api.github.com/repos/IvanRubio/datamex1019/languages,https://api.github.com/repos/IvanRubio/datamex1019/stargazers,https://api.github.com/repos/IvanRubio/datamex1019/contributors,https://api.github.com/repos/IvanRubio/datamex1019/subscribers,https://api.github.com/repos/IvanRubio/datamex1019/subscription,https://api.github.com/repos/IvanRubio/datamex1019/commits{/sha},https://api.github.com/repos/IvanRubio/datamex1019/git/commits{/sha},https://api.github.com/repos/IvanRubio/datamex1019/comments{/number},https://api.github.com/repos/IvanRubio/datamex1019/issues/comments{/number},https://api.github.com/repos/IvanRubio/datamex1019/contents/{+path},https://api.github.com/repos/IvanRubio/datamex1019/compare/{base}...{head},https://api.github.com/repos/IvanRubio/datamex1019/merges,https://api.github.com/repos/IvanRubio/datamex1019/{archive_format}{/ref},https://api.github.com/repos/IvanRubio/datamex1019/downloads,https://api.github.com/repos/IvanRubio/datamex1019/issues{/number},https://api.github.com/repos/IvanRubio/datamex1019/pulls{/number},https://api.github.com/repos/IvanRubio/datamex1019/milestones{/number},"https://api.github.com/repos/IvanRubio/datamex1019/notifications{?since,all,participating}",https://api.github.com/repos/IvanRubio/datamex1019/labels{/name},https://api.github.com/repos/IvanRubio/datamex1019/releases{/id},https://api.github.com/repos/IvanRubio/datamex1019/deployments,2019-10-21T16:07:05Z,2019-10-22T06:19:44Z,2019-11-04T03:06:10Z,git://github.com/IvanRubio/datamex1019.git,git@github.com:IvanRubio/datamex1019.git,https://github.com/IvanRubio/datamex1019.git,https://github.com/IvanRubio/datamex1019,,246931,0,0,Jupyter Notebook,False,True,True,True,False,0,,False,False,0,0,0,0,master,IvanRubio,7259827,MDQ6VXNlcjcyNTk4Mjc=,https://avatars1.githubusercontent.com/u/7259827?v=4,,https://api.github.com/users/IvanRubio,https://github.com/IvanRubio,https://api.github.com/users/IvanRubio/followers,https://api.github.com/users/IvanRubio/following{/other_user},https://api.github.com/users/IvanRubio/gists{/gist_id},https://api.github.com/users/IvanRubio/starred{/owner}{/repo},https://api.github.com/users/IvanRubio/subscriptions,https://api.github.com/users/IvanRubio/orgs,https://api.github.com/users/IvanRubio/repos,https://api.github.com/users/IvanRubio/events{/privacy},https://api.github.com/users/IvanRubio/received_events,User,False,agpl-3.0,GNU Affero General Public License v3.0,AGPL-3.0,https://api.github.com/licenses/agpl-3.0,MDc6TGljZW5zZTE=
216610267,MDEwOlJlcG9zaXRvcnkyMTY2MTAyNjc=,datamex1019,luisferlc/datamex1019,False,https://github.com/luisferlc/datamex1019,,True,https://api.github.com/repos/luisferlc/datamex1019,https://api.github.com/repos/luisferlc/datamex1019/forks,https://api.github.com/repos/luisferlc/datamex1019/keys{/key_id},https://api.github.com/repos/luisferlc/datamex1019/collaborators{/collaborator},https://api.github.com/repos/luisferlc/datamex1019/teams,https://api.github.com/repos/luisferlc/datamex1019/hooks,https://api.github.com/repos/luisferlc/datamex1019/issues/events{/number},https://api.github.com/repos/luisferlc/datamex1019/events,https://api.github.com/repos/luisferlc/datamex1019/assignees{/user},https://api.github.com/repos/luisferlc/datamex1019/branches{/branch},https://api.github.com/repos/luisferlc/datamex1019/tags,https://api.github.com/repos/luisferlc/datamex1019/git/blobs{/sha},https://api.github.com/repos/luisferlc/datamex1019/git/tags{/sha},https://api.github.com/repos/luisferlc/datamex1019/git/refs{/sha},https://api.github.com/repos/luisferlc/datamex1019/git/trees{/sha},https://api.github.com/repos/luisferlc/datamex1019/statuses/{sha},https://api.github.com/repos/luisferlc/datamex1019/languages,https://api.github.com/repos/luisferlc/datamex1019/stargazers,https://api.github.com/repos/luisferlc/datamex1019/contributors,https://api.github.com/repos/luisferlc/datamex1019/subscribers,https://api.github.com/repos/luisferlc/datamex1019/subscription,https://api.github.com/repos/luisferlc/datamex1019/commits{/sha},https://api.github.com/repos/luisferlc/datamex1019/git/commits{/sha},https://api.github.com/repos/luisferlc/datamex1019/comments{/number},https://api.github.com/repos/luisferlc/datamex1019/issues/comments{/number},https://api.github.com/repos/luisferlc/datamex1019/contents/{+path},https://api.github.com/repos/luisferlc/datamex1019/compare/{base}...{head},https://api.github.com/repos/luisferlc/datamex1019/merges,https://api.github.com/repos/luisferlc/datamex1019/{archive_format}{/ref},https://api.github.com/repos/luisferlc/datamex1019/downloads,https://api.github.com/repos/luisferlc/datamex1019/issues{/number},https://api.github.com/repos/luisferlc/datamex1019/pulls{/number},https://api.github.com/repos/luisferlc/datamex1019/milestones{/number},"https://api.github.com/repos/luisferlc/datamex1019/notifications{?since,all,participating}",https://api.github.com/repos/luisferlc/datamex1019/labels{/name},https://api.github.com/repos/luisferlc/datamex1019/releases{/id},https://api.github.com/repos/luisferlc/datamex1019/deployments,2019-10-21T16:07:05Z,2019-10-21T22:50:21Z,2019-11-04T22:31:16Z,git://github.com/luisferlc/datamex1019.git,git@github.com:luisferlc/datamex1019.git,https://github.com/luisferlc/datamex1019.git,https://github.com/luisferlc/datamex1019,,248371,0,0,Jupyter Notebook,False,True,True,True,False,0,,False,False,0,0,0,0,master,luisferlc,51351852,MDQ6VXNlcjUxMzUxODUy,https://avatars2.githubusercontent.com/u/51351852?v=4,,https://api.github.com/users/luisferlc,https://github.com/luisferlc,https://api.github.com/users/luisferlc/followers,https://api.github.com/users/luisferlc/following{/other_user},https://api.github.com/users/luisferlc/gists{/gist_id},https://api.github.com/users/luisferlc/starred{/owner}{/repo},https://api.github.com/users/luisferlc/subscriptions,https://api.github.com/users/luisferlc/orgs,https://api.github.com/users/luisferlc/repos,https://api.github.com/users/luisferlc/events{/privacy},https://api.github.com/users/luisferlc/received_events,User,False,agpl-3.0,GNU Affero General Public License v3.0,AGPL-3.0,https://api.github.com/licenses/agpl-3.0,MDc6TGljZW5zZTE=
216610257,MDEwOlJlcG9zaXRvcnkyMTY2MTAyNTc=,datamex1019,JMCass/datamex1019,False,https://github.com/JMCass/datamex1019,,True,https://api.github.com/repos/JMCass/datamex1019,https://api.github.com/repos/JMCass/datamex1019/forks,https://api.github.com/repos/JMCass/datamex1019/keys{/key_id},https://api.github.com/repos/JMCass/datamex1019/collaborators{/collaborator},https://api.github.com/repos/JMCass/datamex1019/teams,https://api.github.com/repos/JMCass/datamex1019/hooks,https://api.github.com/repos/JMCass/datamex1019/issues/events{/number},https://api.github.com/repos/JMCass/datamex1019/events,https://api.github.com/repos/JMCass/datamex1019/assignees{/user},https://api.github.com/repos/JMCass/datamex1019/branches{/branch},https://api.github.com/repos/JMCass/datamex1019/tags,https://api.github.com/repos/JMCass/datamex1019/git/blobs{/sha},https://api.github.com/repos/JMCass/datamex1019/git/tags{/sha},https://api.github.com/repos/JMCass/datamex1019/git/refs{/sha},https://api.github.com/repos/JMCass/datamex1019/git/trees{/sha},https://api.github.com/repos/JMCass/datamex1019/statuses/{sha},https://api.github.com/repos/JMCass/datamex1019/languages,https://api.github.com/repos/JMCass/datamex1019/stargazers,https://api.github.com/repos/JMCass/datamex1019/contributors,https://api.github.com/repos/JMCass/datamex1019/subscribers,https://api.github.com/repos/JMCass/datamex1019/subscription,https://api.github.com/repos/JMCass/datamex1019/commits{/sha},https://api.github.com/repos/JMCass/datamex1019/git/commits{/sha},https://api.github.com/repos/JMCass/datamex1019/comments{/number},https://api.github.com/repos/JMCass/datamex1019/issues/comments{/number},https://api.github.com/repos/JMCass/datamex1019/contents/{+path},https://api.github.com/repos/JMCass/datamex1019/compare/{base}...{head},https://api.github.com/repos/JMCass/datamex1019/merges,https://api.github.com/repos/JMCass/datamex1019/{archive_format}{/ref},https://api.github.com/repos/JMCass/datamex1019/downloads,https://api.github.com/repos/JMCass/datamex1019/issues{/number},https://api.github.com/repos/JMCass/datamex1019/pulls{/number},https://api.github.com/repos/JMCass/datamex1019/milestones{/number},"https://api.github.com/repos/JMCass/datamex1019/notifications{?since,all,participating}",https://api.github.com/repos/JMCass/datamex1019/labels{/name},https://api.github.com/repos/JMCass/datamex1019/releases{/id},https://api.github.com/repos/JMCass/datamex1019/deployments,2019-10-21T16:07:04Z,2019-10-22T00:41:52Z,2019-11-04T14:06:50Z,git://github.com/JMCass/datamex1019.git,git@github.com:JMCass/datamex1019.git,https://github.com/JMCass/datamex1019.git,https://github.com/JMCass/datamex1019,,247988,0,0,Jupyter Notebook,False,True,True,True,False,0,,False,False,0,0,0,0,master,JMCass,49992907,MDQ6VXNlcjQ5OTkyOTA3,https://avatars1.githubusercontent.com/u/49992907?v=4,,https://api.github.com/users/JMCass,https://github.com/JMCass,https://api.github.com/users/JMCass/followers,https://api.github.com/users/JMCass/following{/other_user},https://api.github.com/users/JMCass/gists{/gist_id},https://api.github.com/users/JMCass/starred{/owner}{/repo},https://api.github.com/users/JMCass/subscriptions,https://api.github.com/users/JMCass/orgs,https://api.github.com/users/JMCass/repos,https://api.github.com/users/JMCass/events{/privacy},https://api.github.com/users/JMCass/received_events,User,False,agpl-3.0,GNU Affero General Public License v3.0,AGPL-3.0,https://api.github.com/licenses/agpl-3.0,MDc6TGljZW5zZTE=
216610254,MDEwOlJlcG9zaXRvcnkyMTY2MTAyNTQ=,datamex1019,Rulas098/datamex1019,False,https://github.com/Rulas098/datamex1019,,True,https://api.github.com/repos/Rulas098/datamex1019,https://api.github.com/repos/Rulas098/datamex1019/forks,https://api.github.com/repos/Rulas098/datamex1019/keys{/key_id},https://api.github.com/repos/Rulas098/datamex1019/collaborators{/collaborator},https://api.github.com/repos/Rulas098/datamex1019/teams,https://api.github.com/repos/Rulas098/datamex1019/hooks,https://api.github.com/repos/Rulas098/datamex1019/issues/events{/number},https://api.github.com/repos/Rulas098/datamex1019/events,https://api.github.com/repos/Rulas098/datamex1019/assignees{/user},https://api.github.com/repos/Rulas098/datamex1019/branches{/branch},https://api.github.com/repos/Rulas098/datamex1019/tags,https://api.github.com/repos/Rulas098/datamex1019/git/blobs{/sha},https://api.github.com/repos/Rulas098/datamex1019/git/tags{/sha},https://api.github.com/repos/Rulas098/datamex1019/git/refs{/sha},https://api.github.com/repos/Rulas098/datamex1019/git/trees{/sha},https://api.github.com/repos/Rulas098/datamex1019/statuses/{sha},https://api.github.com/repos/Rulas098/datamex1019/languages,https://api.github.com/repos/Rulas098/datamex1019/stargazers,https://api.github.com/repos/Rulas098/datamex1019/contributors,https://api.github.com/repos/Rulas098/datamex1019/subscribers,https://api.github.com/repos/Rulas098/datamex1019/subscription,https://api.github.com/repos/Rulas098/datamex1019/commits{/sha},https://api.github.com/repos/Rulas098/datamex1019/git/commits{/sha},https://api.github.com/repos/Rulas098/datamex1019/comments{/number},https://api.github.com/repos/Rulas098/datamex1019/issues/comments{/number},https://api.github.com/repos/Rulas098/datamex1019/contents/{+path},https://api.github.com/repos/Rulas098/datamex1019/compare/{base}...{head},https://api.github.com/repos/Rulas098/datamex1019/merges,https://api.github.com/repos/Rulas098/datamex1019/{archive_format}{/ref},https://api.github.com/repos/Rulas098/datamex1019/downloads,https://api.github.com/repos/Rulas098/datamex1019/issues{/number},https://api.github.com/repos/Rulas098/datamex1019/pulls{/number},https://api.github.com/repos/Rulas098/datamex1019/milestones{/number},"https://api.github.com/repos/Rulas098/datamex1019/notifications{?since,all,participating}",https://api.github.com/repos/Rulas098/datamex1019/labels{/name},https://api.github.com/repos/Rulas098/datamex1019/releases{/id},https://api.github.com/repos/Rulas098/datamex1019/deployments,2019-10-21T16:07:03Z,2019-10-21T23:52:12Z,2019-11-01T07:21:23Z,git://github.com/Rulas098/datamex1019.git,git@github.com:Rulas098/datamex1019.git,https://github.com/Rulas098/datamex1019.git,https://github.com/Rulas098/datamex1019,,247634,0,0,Jupyter Notebook,False,True,True,True,False,0,,False,False,0,0,0,0,master,Rulas098,56836290,MDQ6VXNlcjU2ODM2Mjkw,https://avatars0.githubusercontent.com/u/56836290?v=4,,https://api.github.com/users/Rulas098,https://github.com/Rulas098,https://api.github.com/users/Rulas098/followers,https://api.github.com/users/Rulas098/following{/other_user},https://api.github.com/users/Rulas098/gists{/gist_id},https://api.github.com/users/Rulas098/starred{/owner}{/repo},https://api.github.com/users/Rulas098/subscriptions,https://api.github.com/users/Rulas098/orgs,https://api.github.com/users/Rulas098/repos,https://api.github.com/users/Rulas098/events{/privacy},https://api.github.com/users/Rulas098/received_events,User,False,agpl-3.0,GNU Affero General Public License v3.0,AGPL-3.0,https://api.github.com/licenses/agpl-3.0,MDc6TGljZW5zZTE=
